operating_point,stable,id_rms_a,iq_rms_a,psi_r_rms_wb,omega_s_final_rad_s
5000rpm_+220Nm,True,3.979039320256561e-12,1.0800249583553523e-12,5.828670879282072e-16,2119.525118426901
5000rpm_-220Nm,True,3.979039320256561e-12,7.958078640513122e-13,5.412337245047638e-16,2069.265086359487
